Threshold,TN,FP,FN,TP,Healthy Flagged,False Alarm Rate,Failures Caught,Recall,False Alarm %,Recall %
0.05,429,1503,1,67,1503,0.7779503105590062,67,0.9852941176470589,77.8,98.53
0.06,502,1430,1,67,1430,0.7401656314699793,67,0.9852941176470589,74.02,98.53
0.07,573,1359,1,67,1359,0.703416149068323,67,0.9852941176470589,70.34,98.53
0.08,633,1299,1,67,1299,0.672360248447205,67,0.9852941176470589,67.24,98.53
0.09,678,1254,1,67,1254,0.6490683229813664,67,0.9852941176470589,64.91,98.53
0.1,723,1209,1,67,1209,0.6257763975155279,67,0.9852941176470589,62.58,98.53
0.11,767,1165,1,67,1165,0.6030020703933747,67,0.9852941176470589,60.3,98.53
0.12,808,1124,1,67,1124,0.5817805383022774,67,0.9852941176470589,58.18,98.53
0.13,847,1085,1,67,1085,0.5615942028985508,67,0.9852941176470589,56.16,98.53
0.14,877,1055,1,67,1055,0.5460662525879917,67,0.9852941176470589,54.61,98.53
0.15,923,1009,1,67,1009,0.522256728778468,67,0.9852941176470589,52.23,98.53
0.16,956,976,1,67,976,0.505175983436853,67,0.9852941176470589,50.52,98.53
0.17,984,948,1,67,948,0.4906832298136646,67,0.9852941176470589,49.07,98.53
0.18,1020,912,1,67,912,0.4720496894409938,67,0.9852941176470589,47.2,98.53
0.19,1048,884,2,66,884,0.4575569358178054,66,0.9705882352941176,45.76,97.06
0.2,1075,857,3,65,857,0.4435817805383023,65,0.9558823529411765,44.36,95.59
0.21,1107,825,4,64,825,0.42701863354037267,64,0.9411764705882353,42.7,94.12
0.22,1124,808,4,64,808,0.41821946169772256,64,0.9411764705882353,41.82,94.12
0.23,1142,790,4,64,790,0.40890269151138714,64,0.9411764705882353,40.89,94.12
0.24,1162,770,4,64,770,0.39855072463768115,64,0.9411764705882353,39.86,94.12
0.25,1191,741,4,64,741,0.38354037267080743,64,0.9411764705882353,38.35,94.12
0.26,1223,709,4,64,709,0.3669772256728778,64,0.9411764705882353,36.7,94.12
0.27,1240,692,4,64,692,0.3581780538302277,64,0.9411764705882353,35.82,94.12
0.28,1266,666,5,63,666,0.3447204968944099,63,0.9264705882352942,34.47,92.65
0.29,1285,647,6,62,647,0.33488612836438925,62,0.9117647058823529,33.49,91.18
0.3,1310,622,6,62,622,0.3219461697722567,62,0.9117647058823529,32.19,91.18
0.31,1324,608,6,62,608,0.3146997929606625,62,0.9117647058823529,31.47,91.18
0.32,1340,592,6,62,592,0.3064182194616977,62,0.9117647058823529,30.64,91.18
0.33,1356,576,6,62,576,0.2981366459627329,62,0.9117647058823529,29.81,91.18
0.34,1377,555,6,62,555,0.28726708074534163,62,0.9117647058823529,28.73,91.18
0.35,1399,533,6,62,533,0.275879917184265,62,0.9117647058823529,27.59,91.18
0.36,1408,524,6,62,524,0.2712215320910973,62,0.9117647058823529,27.12,91.18
0.37,1427,505,8,60,505,0.2613871635610766,60,0.8823529411764706,26.14,88.24
0.38,1442,490,8,60,490,0.2536231884057971,60,0.8823529411764706,25.36,88.24
0.39,1455,477,8,60,477,0.2468944099378882,60,0.8823529411764706,24.69,88.24
0.4,1467,465,8,60,465,0.2406832298136646,60,0.8823529411764706,24.07,88.24
0.41,1472,460,8,60,460,0.23809523809523808,60,0.8823529411764706,23.81,88.24
0.42,1482,450,10,58,450,0.2329192546583851,58,0.8529411764705882,23.29,85.29
0.43,1504,428,10,58,428,0.22153209109730848,58,0.8529411764705882,22.15,85.29
0.44,1519,413,11,57,413,0.213768115942029,57,0.8382352941176471,21.38,83.82
0.45,1530,402,11,57,402,0.2080745341614907,57,0.8382352941176471,20.81,83.82
0.46,1540,392,11,57,392,0.2028985507246377,57,0.8382352941176471,20.29,83.82
0.47,1546,386,11,57,386,0.1997929606625259,57,0.8382352941176471,19.98,83.82
0.48,1557,375,11,57,375,0.19409937888198758,57,0.8382352941176471,19.41,83.82
0.49,1573,359,12,56,359,0.18581780538302278,56,0.8235294117647058,18.58,82.35
0.5,1586,346,12,56,346,0.17908902691511386,56,0.8235294117647058,17.91,82.35
0.51,1593,339,12,56,339,0.17546583850931677,56,0.8235294117647058,17.55,82.35
0.52,1601,331,12,56,331,0.17132505175983437,56,0.8235294117647058,17.13,82.35
0.53,1617,315,13,55,315,0.16304347826086957,55,0.8088235294117647,16.3,80.88
0.54,1630,302,13,55,302,0.15631469979296067,55,0.8088235294117647,15.63,80.88
0.55,1639,293,13,55,293,0.15165631469979296,55,0.8088235294117647,15.17,80.88
0.56,1649,283,14,54,283,0.14648033126293997,54,0.7941176470588235,14.65,79.41
0.57,1655,277,14,54,277,0.14337474120082816,54,0.7941176470588235,14.34,79.41
0.58,1665,267,14,54,267,0.13819875776397517,54,0.7941176470588235,13.82,79.41
0.59,1674,258,14,54,258,0.13354037267080746,54,0.7941176470588235,13.35,79.41
0.6,1681,251,14,54,251,0.12991718426501034,54,0.7941176470588235,12.99,79.41
0.61,1689,243,16,52,243,0.12577639751552794,52,0.7647058823529411,12.58,76.47
0.62,1703,229,16,52,229,0.11853002070393374,52,0.7647058823529411,11.85,76.47
0.63,1711,221,17,51,221,0.11438923395445134,51,0.75,11.44,75.0
0.64,1725,207,17,51,207,0.10714285714285714,51,0.75,10.71,75.0
0.65,1730,202,18,50,202,0.10455486542443064,50,0.7352941176470589,10.46,73.53
0.66,1736,196,19,49,196,0.10144927536231885,49,0.7205882352941176,10.14,72.06
0.67,1742,190,19,49,190,0.09834368530020704,49,0.7205882352941176,9.83,72.06
0.68,1750,182,19,49,182,0.09420289855072464,49,0.7205882352941176,9.42,72.06
0.69,1756,176,19,49,176,0.09109730848861283,49,0.7205882352941176,9.11,72.06
0.7,1773,159,20,48,159,0.08229813664596274,48,0.7058823529411765,8.23,70.59
0.71,1787,145,20,48,145,0.07505175983436853,48,0.7058823529411765,7.51,70.59
0.72,1796,136,21,47,136,0.07039337474120083,47,0.6911764705882353,7.04,69.12
0.73,1803,129,22,46,129,0.06677018633540373,46,0.6764705882352942,6.68,67.65
0.74,1811,121,23,45,121,0.06262939958592133,45,0.6617647058823529,6.26,66.18
0.75,1816,116,23,45,116,0.060041407867494824,45,0.6617647058823529,6.0,66.18
0.76,1823,109,25,43,109,0.05641821946169772,43,0.6323529411764706,5.64,63.24
0.77,1828,104,26,42,104,0.053830227743271224,42,0.6176470588235294,5.38,61.76
0.78,1835,97,26,42,97,0.05020703933747412,42,0.6176470588235294,5.02,61.76
0.79,1844,88,28,40,88,0.045548654244306416,40,0.5882352941176471,4.55,58.82
0.8,1849,83,28,40,83,0.04296066252587992,40,0.5882352941176471,4.3,58.82
0.81,1854,78,29,39,78,0.040372670807453416,39,0.5735294117647058,4.04,57.35
0.82,1860,72,29,39,72,0.037267080745341616,39,0.5735294117647058,3.73,57.35
0.83,1867,65,29,39,65,0.03364389233954451,39,0.5735294117647058,3.36,57.35
0.84,1872,60,31,37,60,0.031055900621118012,37,0.5441176470588235,3.11,54.41
0.85,1876,56,35,33,56,0.028985507246376812,33,0.4852941176470588,2.9,48.53
0.86,1883,49,35,33,49,0.025362318840579712,33,0.4852941176470588,2.54,48.53
0.87,1886,46,37,31,46,0.023809523809523808,31,0.45588235294117646,2.38,45.59
0.88,1891,41,40,28,41,0.021221532091097308,28,0.4117647058823529,2.12,41.18
0.89,1899,33,41,27,33,0.017080745341614908,27,0.39705882352941174,1.71,39.71
0.9,1901,31,42,26,31,0.016045548654244308,26,0.38235294117647056,1.6,38.24
0.91,1904,28,45,23,28,0.014492753623188406,23,0.3382352941176471,1.45,33.82
0.92,1913,19,45,23,19,0.009834368530020704,23,0.3382352941176471,0.98,33.82
0.93,1917,15,50,18,15,0.007763975155279503,18,0.2647058823529412,0.78,26.47
0.94,1921,11,53,15,11,0.005693581780538302,15,0.22058823529411764,0.57,22.06
0.95,1923,9,56,12,9,0.004658385093167702,12,0.17647058823529413,0.47,17.65
